{"type": "metrics", "dataset": "train", "precision": 0.7107913669064748, "balanced_accuracy": 0.5921542808992707, "recall": 0.20901205838798392, "f1_score": 0.32303416707536375}
{"type": "metrics", "dataset": "test", "precision": 0.7301092043681747, "balanced_accuracy": 0.6103787040271723, "recall": 0.24515453116815086, "f1_score": 0.36705882352941177}
{"type": "cm_matrix", "dataset": "train", "true_0": {"predicted_0": 15871, "predicted_1": 402}, "true_1": {"predicted_0": 3739, "predicted_1": 988}}
{"type": "cm_matrix", "dataset": "test", "true_0": {"predicted_0": 6918, "predicted_1": 173}, "true_1": {"predicted_0": 1441, "predicted_1": 468}}
